{
    "rmse": 0.9582289588626434,
    "mae": 0.6737810454816898,
    "r2": 0.5798441183946006
}