{
    "rmse": 0.9785023778803299,
    "mae": 0.6860673206709587,
    "r2": 0.5618774215315929
}