{
    "rmse": 1.0251428980707118,
    "mae": 0.7187868320103418,
    "r2": 0.5191156108433237
}